{"realtime_start": "2019-12-06", "seriess": [{"observation_end": "2019-09-01", "last_updated": "2019-11-15 09:11:03-06", "observation_start": "1992-02-01", "frequency": "Monthly", "seasonal_adjustment_short": "SA", "id": "TOTBUSMPCIMSA", "realtime_start": "2019-12-06", "units": "Percent Change", "units_short": "% Chg.", "seasonal_adjustment": "Seasonally Adjusted", "title": "Total Business Inventories", "realtime_end": "2019-12-06", "frequency_short": "M", "popularity": 19}], "realtime_end": "2019-12-06"}