{"realtime_start": "2019-12-06", "seriess": [{"observation_end": "2019-09-01", "last_updated": "2019-11-15 09:11:02-06", "observation_start": "1992-01-01", "frequency": "Monthly", "seasonal_adjustment_short": "SA", "id": "ISRATIO", "realtime_start": "2019-12-06", "units": "Ratio", "units_short": "Ratio", "seasonal_adjustment": "Seasonally Adjusted", "title": "Total Business: Inventories to Sales Ratio", "realtime_end": "2019-12-06", "frequency_short": "M", "notes": "Effective June 14, 2001, data were reconstructed to reflect the switch from the Standard Industrial Classification (SIC) system to the North American Industry Classification System (NAICS).", "popularity": 63}], "realtime_end": "2019-12-06"}