{"realtime_start": "2019-12-06", "seriess": [{"observation_end": "2019-09-01", "last_updated": "2019-11-15 09:11:02-06", "observation_start": "1992-01-01", "frequency": "Monthly", "seasonal_adjustment_short": "SA", "id": "TOTBUSSMSA", "realtime_start": "2019-12-06", "units": "Millions of Dollars", "units_short": "Mil. of $", "seasonal_adjustment": "Seasonally Adjusted", "title": "Total Business Sales", "realtime_end": "2019-12-06", "frequency_short": "M", "popularity": 47}], "realtime_end": "2019-12-06"}